{
  "assetsByChunkName": {
    "vendors~app-account~app-confirmation~app-order": "chunk.9b0f36aaf21fc3fc38fb.js",
    "vendors~app-account~app-checkout": "chunk.3087645128a8872d3c89.js",
    "vendors~app-cart~app-checkout": "chunk.740d1a8296e3bcce2510.js",
    "admin": [
      "admin.6bc1a8c6cf115043592e.js",
      "admin.6bc1a8c6cf115043592e.js.map"
    ],
    "app-account": "chunk.d76250024d597f8a8531.js",
    "app-checkout": "chunk.da87aa61e83b6b74b793.js",
    "app-confirmation": "chunk.efee93a03c55f4d42596.js",
    "checkout": [
      "checkout.fcee411724ea87e0c438.js",
      "checkout.fcee411724ea87e0c438.js.map"
    ],
    "storefront": [
      "storefront.e7a46cf69cd0b9965ad3.css",
      "storefront.a3888fbfb0cb4ba0afa0.js",
      "storefront.e7a46cf69cd0b9965ad3.css.map",
      "storefront.a3888fbfb0cb4ba0afa0.js.map"
    ],
    "vendors~app-cart": "chunk.1db47d776ee4c105222b.js",
    "vendors~app-order": "chunk.e38ea9fea3b0793dd0d0.js"
  }
}