{
  "title": "Condições de entrega",
  "meta_title": "Condições de entrega",
  "meta_description": "Condições de entrega",
  "body": "### <!--StartFragment-->\n\nPara você receber o seu pedido totalmente seguro, lacrado e com a mesma qualidade que sai da nossa loja, usamos as seguintes formas de entrega:\n\n**CORREIOS**\\\n**PAC :** Frete Grátis para todo o Brasil\\\n**Sedex :** Valor calculado junto com o pedido.\n\n**RETIRAR NA LOJA:** Se você mora em Goiânia, poderá retirar em nossa loja.\n\n<!--EndFragment-->Lorem ipsum dolor sit amet",
  "sections": [
    {
      "type": "extra-page",
      "enabled": true
    },
    {
      "type": "collection-shelf",
      "shuffle": false,
      "limit": 12,
      "page": 1,
      "sort": "news",
      "title": "Vamos escolher seu look?"
    }
  ]
}