{
  "title": "Sobre nós",
  "meta_title": "Sobre nós",
  "meta_description": "Sobre nós",
  "body": "### Don't Quest Moda Feminina\n\n![](/img/uploads/whatsapp-image-2024-06-19-at-15.57.00.jpeg)\n\n<!--StartFragment-->\n\nA Don't'Quest é uma marca de moda feminina que atua no mercado há 18 anos, destacando-se pela oferta de roupas de alta qualidade. Ao longo desses anos, a marca construiu uma reputação sólida com suas peças sofisticadas e cuidadosamente confeccionadas, atendendo às expectativas das mulheres que buscam estilo e elegância. Com uma abordagem que combina tendências contemporâneas e clássicas, a Don't'Quest tem se mantido relevante e desejada, conquistando um público fiel e exigente. A marca prioriza não apenas a estética, mas também o conforto e a durabilidade de seus produtos, refletindo um compromisso contínuo com a excelência e a satisfação de suas clientes.\n\n<!--EndFragment-->",
  "sections": [
    {
      "type": "extra-page",
      "enabled": true
    },
    {
      "type": "collection-shelf",
      "shuffle": false,
      "limit": 12,
      "page": 1,
      "title": "Aproveite para comprar seu look",
      "sort": "news"
    }
  ]
}