{
  "marketing_stripe": {
    "text": "FRETE GRÁTIS PARA TODO O BRASIL EM PEDIDOS ACIMA DE 500R$!!",
    "link": ""
  },
  "contacts_stripe": {
    "pages": [],
    "phone_wpp": true,
    "socials": true
  },
  "categories_list": {
    "featured": [
      "/casa-dq-temporada-de-verao?Casa DQ Temporada de verão",
      "/outlet?Outlet"
    ],
    "random": 0,
    "full_width": false
  },
  "centralized_logo": false,
  "desktop_megamenu": false,
  "search_input": true,
  "alphabetical_order_submenu": false,
  "full_width_submenu": false
}