{
  "meta_title": "",
  "meta_description": "",
  "sections": [
    {
      "type": "banner-slider",
      "autoplay": 0,
      "full_width": true,
      "slides": [
        {
          "start": "",
          "end": "",
          "img": "/img/uploads/img_9569.webp",
          "mobile_img": "/img/uploads/img_9528.webp"
        }
      ]
    },
    {
      "type": "info-bar",
      "enabled": false
    },
    {
      "autoplay": 5000,
      "banners": [
        {
          "img": "/img/uploads/361-a-4-.jpg",
          "link": "",
          "alt": "Home banner"
        }
      ],
      "quantity": 2,
      "page": 1,
      "title": "Casa DQ Temporada Verão",
      "shuffle": true,
      "headless": false,
      "type": "banner-with-collection",
      "limit": 11,
      "collection_id": "697b8b32c650040a8c8c9032:categories:Casa DQ Temporada de verão:/casa-dq-temporada-de-verao",
      "sort": "news"
    },
    {
      "type": "collection-shelf",
      "shuffle": true,
      "limit": 24,
      "page": 1,
      "collection_id": "697b8b32c650040a8c8c9032:categories:Casa DQ Temporada de verão:/casa-dq-temporada-de-verao",
      "sort": "news",
      "title": "CASA DQ VERÃO"
    },
    {
      "type": "collection-shelf",
      "shuffle": true,
      "collection_id": "697b8b32c650040a8c8c9032:categories:Casa DQ Temporada de verão:/casa-dq-temporada-de-verao",
      "sort": "views",
      "title": "Os mais vendidos na loja",
      "headless": false,
      "limit": 12,
      "page": 1
    },
    {
      "type": "responsive-banner",
      "img": "/img/uploads/pagina-produto-don-t-quest.jpg",
      "mobile_img": "/img/uploads/design-sem-nome-2024-06-19t150900.955.png"
    },
    {
      "type": "collection-shelf",
      "shuffle": true,
      "limit": 12,
      "page": 1,
      "sort": "sales",
      "title": "OS QUERIDINHOS DAS DQ GIRLS",
      "collection_id": "697b8b32c650040a8c8c9032:categories:Casa DQ Temporada de verão:/casa-dq-temporada-de-verao"
    }
  ]
}